{"train/ploss":12.004975318908691,"_wandb":{"runtime":34},"_timestamp":1.7425409567032278e+09,"train/lr":4.983765007928717e-08,"train/loss":2.289712429046631,"train/top_3_acc":0,"train/vloss":0.9203277826309204,"train/topkloss":11.946139335632324,"_runtime":33.675648725,"train/top_1_acc":0,"train/top_2_acc":0,"_step":10,"train/acc":0}